-- MySQL dump 10.13  Distrib 5.5.31, for Win32 (x86)
--
-- Host: localhost    Database: siprelab
-- ------------------------------------------------------
-- Server version	5.5.31

/*!40101 SET @OLD_CHARACTER_SET_CLIENT=@@CHARACTER_SET_CLIENT */;
/*!40101 SET @OLD_CHARACTER_SET_RESULTS=@@CHARACTER_SET_RESULTS */;
/*!40101 SET @OLD_COLLATION_CONNECTION=@@COLLATION_CONNECTION */;
/*!40101 SET NAMES utf8 */;
/*!40103 SET @OLD_TIME_ZONE=@@TIME_ZONE */;
/*!40103 SET TIME_ZONE='+00:00' */;
/*!40014 SET @OLD_UNIQUE_CHECKS=@@UNIQUE_CHECKS, UNIQUE_CHECKS=0 */;
/*!40014 SET @OLD_FOREIGN_KEY_CHECKS=@@FOREIGN_KEY_CHECKS, FOREIGN_KEY_CHECKS=0 */;
/*!40101 SET @OLD_SQL_MODE=@@SQL_MODE, SQL_MODE='NO_AUTO_VALUE_ON_ZERO' */;
/*!40111 SET @OLD_SQL_NOTES=@@SQL_NOTES, SQL_NOTES=0 */;

--
-- Current Database: `siprelab`
--

CREATE DATABASE /*!32312 IF NOT EXISTS*/ `siprelab` /*!40100 DEFAULT CHARACTER SET latin1 */;

USE `siprelab`;

--
-- Table structure for table `danho`
--

DROP TABLE IF EXISTS `danho`;
/*!40101 SET @saved_cs_client     = @@character_set_client */;
/*!40101 SET character_set_client = utf8 */;
CREATE TABLE `danho` (
  `codigo` int(10) NOT NULL AUTO_INCREMENT,
  `descripcion_d` varchar(150) DEFAULT NULL,
  `codigo_mat` int(10) NOT NULL,
  `codigo_usu` varchar(20) DEFAULT NULL,
  `fecha_d` datetime NOT NULL,
  `cod_usu_rd` varchar(20) NOT NULL,
  `estado` int(1) NOT NULL DEFAULT '0' COMMENT '0=Dañado, 1=Reparado, 2=Dado de baja',
  PRIMARY KEY (`codigo`),
  KEY `FK_danho_material` (`codigo_mat`),
  KEY `FK_danho_usuario` (`codigo_usu`),
  KEY `FK_danho_usuario_2` (`cod_usu_rd`),
  CONSTRAINT `FK_danho_material` FOREIGN KEY (`codigo_mat`) REFERENCES `material` (`codigo`),
  CONSTRAINT `FK_danho_usuario` FOREIGN KEY (`codigo_usu`) REFERENCES `usuario` (`codigo`),
  CONSTRAINT `FK_danho_usuario_2` FOREIGN KEY (`cod_usu_rd`) REFERENCES `usuario` (`codigo`)
) ENGINE=InnoDB AUTO_INCREMENT=7 DEFAULT CHARSET=latin1;
/*!40101 SET character_set_client = @saved_cs_client */;

--
-- Dumping data for table `danho`
--

LOCK TABLES `danho` WRITE;
/*!40000 ALTER TABLE `danho` DISABLE KEYS */;
INSERT INTO `danho` VALUES (6,'Perdida toal, incidente causado por estudiantes\r\nFabio Correa\r\nDaniel Daza',154,'U00075541','2014-03-25 06:30:00','1098652414',2);
/*!40000 ALTER TABLE `danho` ENABLE KEYS */;
UNLOCK TABLES;

--
-- Table structure for table `error`
--

DROP TABLE IF EXISTS `error`;
/*!40101 SET @saved_cs_client     = @@character_set_client */;
/*!40101 SET character_set_client = utf8 */;
CREATE TABLE `error` (
  `codigo` varchar(50) NOT NULL,
  `mensaje` varchar(150) NOT NULL,
  PRIMARY KEY (`codigo`)
) ENGINE=InnoDB DEFAULT CHARSET=latin1;
/*!40101 SET character_set_client = @saved_cs_client */;

--
-- Dumping data for table `error`
--

LOCK TABLES `error` WRITE;
/*!40000 ALTER TABLE `error` DISABLE KEYS */;
INSERT INTO `error` VALUES ('backup_insuficiente','No hay suficientes Backup para poder ser eliminados'),('Demasiados_Materiales','Los materiales han excedido la cantidad máxima'),('error','Ha ocurrido un error'),('error_accion','Ha ocurrido un error'),('faltan_Datos','Debe completar todos los datos'),('fecha_error','Hubo un error al intentar procesar la fecha'),('Fecha_pasada','La fecha de entrega del material ya ha caducado'),('login_Incorrecto','Los datos son incorrectos'),('materiales_Ndisp','Uno o más materiales no se encuentran disponibles'),('material_inexistente','El material no existe'),('no_agrego','Un error no permitió realizar la última acción'),('no_directorio','Ha ocurrido un error interno del sistema, se recomienda contactar con el Administrador'),('no_existe','El usuario no existe'),('no_orden','Los datos no han sido procesados de manera correcta'),('NO_prestamo','No hay préstamos'),('No_usuario','No se ha detectado ninguna sesión activa'),('prestamo_null','No se encontró ningún préstamo'),('QR_error','Debido a un error no se generó el código QR'),('sin_ID','Hubo un error al procesar el id'),('sin_multa','El usuario no tiene ninguna multa activa'),('sin_permisos','Usted no posee los privilegios sufientes para esta acción'),('sin_reserva','El usuario no tiene ninguna reserva activa'),('telefono_incorrecto','El telefono suministrado es incorrecto'),('usuario_inactivo','Este usuario no se encuentra activo'),('usuario_multa','El usuario tiene una multa activa que no le permite realizar esa acción'),('usuario_prestamo','El usuario tiene un préstamo activo que no le permite realizar esa acción'),('usuario_reserva','El usuario tiene una reserva activa que no le permite realizar esa acción');
/*!40000 ALTER TABLE `error` ENABLE KEYS */;
UNLOCK TABLES;

--
-- Table structure for table `laboratorio`
--

DROP TABLE IF EXISTS `laboratorio`;
/*!40101 SET @saved_cs_client     = @@character_set_client */;
/*!40101 SET character_set_client = utf8 */;
CREATE TABLE `laboratorio` (
  `codigo` int(10) NOT NULL AUTO_INCREMENT,
  `nombre` varchar(50) NOT NULL,
  `descripcion` varchar(150) DEFAULT NULL,
  `ubicacion` varchar(50) NOT NULL,
  PRIMARY KEY (`codigo`)
) ENGINE=InnoDB AUTO_INCREMENT=3 DEFAULT CHARSET=latin1;
/*!40101 SET character_set_client = @saved_cs_client */;

--
-- Dumping data for table `laboratorio`
--

LOCK TABLES `laboratorio` WRITE;
/*!40000 ALTER TABLE `laboratorio` DISABLE KEYS */;
INSERT INTO `laboratorio` VALUES (1,'Electronica','Laboratorio con elementos para estudiantes de quinto y sexto semestre de la carrera ingenieria mecatronica.','Edificio de ingenierias cuarto piso'),(2,'Laboratorio de Automatizacion','Encasdfasda','6 Piso edificio de ingenierias');
/*!40000 ALTER TABLE `laboratorio` ENABLE KEYS */;
UNLOCK TABLES;

--
-- Table structure for table `material`
--

DROP TABLE IF EXISTS `material`;
/*!40101 SET @saved_cs_client     = @@character_set_client */;
/*!40101 SET character_set_client = utf8 */;
CREATE TABLE `material` (
  `codigo` int(10) NOT NULL AUTO_INCREMENT,
  `descripcion` varchar(150) DEFAULT NULL,
  `tipo_mat` int(10) NOT NULL,
  `marca` varchar(50) DEFAULT NULL,
  `serial` varchar(50) DEFAULT NULL,
  `foto_mat` varchar(150) DEFAULT NULL,
  `num_inventario` varchar(50) DEFAULT NULL,
  `estado` int(1) NOT NULL DEFAULT '0' COMMENT '0 activo, 1 dado de baja, 2 dañado',
  `ult_fecha_mante` datetime DEFAULT NULL,
  `disponibilidad` int(1) NOT NULL DEFAULT '0' COMMENT '0 libre, 1 prestado, 2 reserva',
  `codigo_lab` int(10) NOT NULL DEFAULT '0',
  `imagenqr` varchar(150) NOT NULL,
  PRIMARY KEY (`codigo`),
  KEY `FK_material_laboratorio` (`codigo_lab`),
  KEY `FK_material_tipo_material` (`tipo_mat`),
  CONSTRAINT `FK_material_laboratorio` FOREIGN KEY (`codigo_lab`) REFERENCES `laboratorio` (`codigo`),
  CONSTRAINT `FK_material_tipo_material` FOREIGN KEY (`tipo_mat`) REFERENCES `tipo_material` (`id`)
) ENGINE=InnoDB AUTO_INCREMENT=288 DEFAULT CHARSET=latin1;
/*!40101 SET character_set_client = @saved_cs_client */;

--
-- Dumping data for table `material`
--

LOCK TABLES `material` WRITE;
/*!40000 ALTER TABLE `material` DISABLE KEYS */;
INSERT INTO `material` VALUES (1,'FPGA  DIGILENT NEXYS 2 + CABLE (USB-MINIUSB)',3,'NEXYS2','D218365','noimage.jpg','00008731',0,'2009-12-17 12:00:00',0,1,'C:Archivos de programaApache Software FoundationTomcat 7.0webappsSIPLQR/'),(2,'FPGA  DIGILENT NEXYS 2 + CABLE (USB-MINIUSB)',3,'NEXYS2','D217752','noimage.jpg','00008732',0,'2009-12-17 10:00:00',0,1,'C:Archivos de programaApache Software FoundationTomcat 7.0webappsSIPLQR/'),(3,'FPGA  DIGILENT NEXYS 2 + CABLE (USB-MINIUSB)',3,'NEXYS2','D218205','noimage.jpg','00008733',0,'2009-12-17 12:00:00',0,1,'C:Archivos de programaApache Software FoundationTomcat 7.0webappsSIPLQR/'),(4,'FPGA  DIGILENT NEXYS 2 + CABLE (USB-MINIUSB)',3,'NEXYS2','D217504','noimage.jpg','00008734',0,'2009-12-17 10:00:00',0,1,'C:Archivos de programaApache Software FoundationTomcat 7.0webappsSIPLQR/'),(5,'FPGA  DIGILENT NEXYS 2 + CABLE (USB-MINIUSB) ',3,'NEXYS2','D217909','noimage.jpg','00008735',0,'2009-12-17 09:00:00',0,1,'C:Archivos de programaApache Software FoundationTomcat 7.0webappsSIPLQR/'),(6,'FPGA  DIGILENT NEXYS 2 + CABLE (USB-MINIUSB)',3,'NEXYS2','D218153','noimage.jpg','00008736',0,'2009-12-17 10:00:00',0,1,'C:Archivos de programaApache Software FoundationTomcat 7.0webappsSIPLQR/'),(7,'FPGA  DIGILENT NEXYS 2 + CABLE (USB-MINIUSB)',3,'NEXYS2','D218483','noimage.jpg','00008737',0,'2009-12-17 01:00:00',0,1,'C:Archivos de programaApache Software FoundationTomcat 7.0webappsSIPLQR/'),(8,'PROTOBOARD FX2-BB DIGILENT',1,'ninguna','ninguna','noimage.jpg',' ',0,'2014-02-17 11:00:00',0,1,'C:Archivos de programaApache Software FoundationTomcat 7.0webappsSIPLQR/'),(9,'PROTOBOARD FX2-BB DIGILENT',1,'ninguna','ninguna','noimage.jpg',' ',0,'2014-02-10 13:00:00',0,1,'C:/Users/WM/Desktop/QR/9'),(10,'PROTOBOARD FX2-BB DIGILENT',1,'ninguna','ninguna','noimage.jpg',' ',0,'2014-02-11 12:00:00',0,1,'C:/Users/WM/Desktop/QR/10'),(11,'PROTOBOARD FX2-BB DIGILENT',1,'ninguna','ninguna','noimage.jpg',' ',0,'2014-02-10 12:00:00',0,1,'C:/Users/WM/Desktop/QR/11'),(12,'PROTOBOARD FX2-BB DIGILENT',1,'ninguna','ninguna','noimage.jpg',' ',0,'2014-02-17 02:00:00',1,1,'C:/Users/WM/Desktop/QR/12'),(13,'PROTOBOARD FX2-BB DIGILENT',1,'ninguna','ninguna','noimage.jpg',' ',0,'2014-02-10 12:00:00',0,1,'C:/Users/WM/Desktop/QR/13'),(14,'PROTOBOARD FX2-BB DIGILENT',1,'ninguna','ninguna','noimage.jpg',' ',0,'2014-02-03 12:00:00',0,1,'C:/Users/WM/Desktop/QR/14'),(22,'CONTROLADOR DIGITAL DE SENALES',4,'MOTOROLA','DSP56F805EVM','noimage.jpg',' N00003285',0,'2014-02-03 08:00:00',0,1,'C:Archivos de programaApache Software FoundationTomcat 7.0webappsSIPLQR/'),(23,'CONTROLADOR E5CN-H',4,'OMRON','V2M500AC100','noimage.jpg',' N00012268',0,'2011-05-20 09:00:00',0,1,'C:Archivos de programaApache Software FoundationTomcat 7.0webappsSIPLQR/'),(24,'CONTROLADOR E5CN-H',4,'OMRON','V2M500AC100','noimage.jpg',' N00012262',0,'2011-05-20 12:00:00',0,1,'C:Archivos de programaApache Software FoundationTomcat 7.0webappsSIPLQR/'),(25,'CONTROLADOR E5CN-H',4,'OMRON','V2M500AC100','noimage.jpg',' N00012263',0,'2009-05-20 12:00:00',0,1,'C:Archivos de programaApache Software FoundationTomcat 7.0webappsSIPLQR/'),(26,'CONTROLADOR E5CN-H',4,'OMRON','V2M500AC100','noimage.jpg','000012265',0,'2011-05-20 09:00:00',0,1,'C:Archivos de programaApache Software FoundationTomcat 7.0webappsSIPLQR/'),(27,'CONTROLADOR E5CN-H',4,'OMRON','V2M500AC100','noimage.jpg','000012264',0,'2011-05-20 11:00:00',0,1,'C:Archivos de programaApache Software FoundationTomcat 7.0webappsSIPLQR/'),(28,'CONTROLADOR E5CN-H',4,'OMRON','V2M500AC100','noimage.jpg','000012266',0,'2011-05-20 11:00:00',0,1,'C:Archivos de programaApache Software FoundationTomcat 7.0webappsSIPLQR/'),(29,'CONTROLADOR E5CN-H',4,'OMRON','V2M500AC100','noimage.jpg','000012267',0,'2009-05-20 01:00:00',0,1,'C:Archivos de programaApache Software FoundationTomcat 7.0webappsSIPLQR/'),(37,'MOTOREDUCTOR 12VDC TORQUE 18KG VEL 80 RPM DYNAMO',6,'DYNAMO','ninguna','noimage.jpg',' 1',0,'2014-02-10 03:00:00',0,1,'C:Archivos de programaApache Software FoundationTomcat 7.0webappsSIPLQR/'),(38,'MOTOREDUCTOR 12VDC TORQUE 18KG VEL 80 RPM DYNAMO',6,'ninguna','ninguna','noimage.jpg',' 2',0,'2014-02-10 02:00:00',0,1,'C:Archivos de programaApache Software FoundationTomcat 7.0webappsSIPLQR/'),(39,'MOTOREDUCTOR 12VDC TORQUE 18KG VEL 80 RPM DYNAMO',6,'ninguna','ninguna','noimage.jpg',' 3',0,'2014-02-09 12:00:00',0,1,'C:Archivos de programaApache Software FoundationTomcat 7.0webappsSIPLQR/'),(40,'MOTOREDUCTOR 12VDC TORQUE 18KG VEL 80 RPM DYNAMO',6,'ninguna','ninguna','noimage.jpg',' 4',0,'2014-02-04 12:00:00',0,1,'C:Archivos de programaApache Software FoundationTomcat 7.0webappsSIPLQR/'),(41,'MOTOREDUCTOR 12VDC TORQUE 18KG VEL 80 RPM DYNAMO',6,'ninguna','ninguna','noimage.jpg',' 5',0,'2014-02-03 12:00:00',0,1,'C:Archivos de programaApache Software FoundationTomcat 7.0webappsSIPLQR/'),(42,'MOTOREDUCTOR 12VDC TORQUE 18KG VEL 80 RPM DYNAMO',6,'ninguna','ninguna','noimage.jpg',' 6',0,'2014-02-10 12:00:00',1,1,'C:Archivos de programaApache Software FoundationTomcat 7.0webappsSIPLQR/'),(43,'MOTOREDUCTOR 12VDC TORQUE 18KG VEL 80 RPM DYNAMO',6,'ninguna','ninguna','noimage.jpg',' 7',0,'2014-02-10 12:00:00',1,1,'C:Archivos de programaApache Software FoundationTomcat 7.0webappsSIPLQR/'),(44,'MODEM SIMENS SITRANS TH200 INTERFASE USB',4,'SIEMENS','100018948','noimage.jpg','N00020550',0,'2013-11-21 02:00:00',0,1,'C:Archivos de programaApache Software FoundationTomcat 7.0webappsSIPLQR/'),(45,'TRANSMISOR DE TEMPERATURA SIMENS SITRANS TH200',4,'SIEMENS','100018945','noimage.jpg','N00020549',0,'2013-11-21 12:00:00',0,1,'C:Archivos de programaApache Software FoundationTomcat 7.0webappsSIPLQR/'),(46,'SENSORES ULTRASONIDO DISTANCIA 0-6 MTS MAXBOTIX',7,'ninguna','ninguna','noimage.jpg',' ',0,'2014-02-18 00:00:00',0,1,'C:/Users/WM/Desktop/QR/46'),(47,'SENSORES ULTRASONIDO DISTANCIA 0-6 MTS MAXBOTIX',7,'ninguna','ninguna','noimage.jpg',' ',0,'2014-02-09 00:00:00',0,1,'C:/Users/WM/Desktop/QR/47'),(48,'SENSORES ULTRASONIDO DISTANCIA 0-6 MTS MAXBOTIX',7,'ninguna','ninguna','noimage.jpg',' ',0,'2014-02-10 00:00:00',0,1,'C:/Users/WM/Desktop/QR/48'),(49,'SENSORES ULTRASONIDO DISTANCIA 0-6 MTS MAXBOTIX',7,'ninguna','ninguna','noimage.jpg',' ',0,'2014-02-04 00:00:00',0,1,'C:/Users/WM/Desktop/QR/49'),(50,'BREAKER SCHNEIDER IC60N C 20A',8,'ninguna','ninguna','noimage.jpg',' ',0,'2014-02-10 12:00:00',0,1,'C:/Users/WM/Desktop/QR/50'),(51,'BREAKER SCHNEIDER IC60N C 20A',8,'ninguna','ninguna','noimage.jpg',' ',0,'2014-02-03 12:00:00',0,1,'C:/Users/WM/Desktop/QR/51'),(52,'BREAKER SCHNEIDER IC60N C 20A',8,'ninguna','ninguna','noimage.jpg',' ',0,'2014-02-10 12:00:00',0,1,'C:/Users/WM/Desktop/QR/52'),(53,'BREAKER SCHNEIDER IC60N C 20A',8,'ninguna','ninguna','noimage.jpg',' ',0,'2014-02-10 00:00:00',0,1,'C:/Users/WM/Desktop/QR/53'),(54,'BREAKER SCHNEIDER IC60N C 20A',8,'ninguna','ninguna','noimage.jpg',' ',0,'2014-02-17 00:00:00',0,1,'C:/Users/WM/Desktop/QR/54'),(55,'BREAKER SCHNEIDER IC60N C 20A',8,'ninguna','ninguna','noimage.jpg',' ',0,'2014-02-17 12:00:00',0,1,'C:/Users/WM/Desktop/QR/55'),(56,'BREAKER SCHNEIDER IC60N C 20A',8,'ninguna','ninguna','noimage.jpg',' ',0,'2014-02-17 12:00:00',0,1,'C:/Users/WM/Desktop/QR/56'),(57,'BREAKER SCHNEIDER IC60N C 20A',8,'ninguna','ninguna','noimage.jpg',' ',0,'2014-02-17 00:00:00',0,1,'C:/Users/WM/Desktop/QR/57'),(58,'BREAKER SCHENIDER IC60N  C 40A',8,'ninguna','ninguna','noimage.jpg',' ',0,'2014-02-10 00:00:00',0,1,'C:/Users/WM/Desktop/QR/58'),(59,'BREAKER SCHENIDER IC60N  C 40A',8,'ninguna','ninguna','noimage.jpg',' ',0,'2014-02-04 00:00:00',0,1,'C:/Users/WM/Desktop/QR/59'),(60,'BREAKER SCHENIDER IC60N  C 40A',8,'ninguna','ninguna','noimage.jpg',' ',0,'2014-02-10 00:00:00',0,1,'C:/Users/WM/Desktop/QR/60'),(61,'BREAKER SCHENIDER IC60N  C 40A',8,'ninguna','ninguna','noimage.jpg',' ',0,'2014-02-11 00:00:00',0,1,'C:/Users/WM/Desktop/QR/61'),(62,'BREAKER SCHENIDER IC60N  C 40A',8,'ninguna','ninguna','noimage.jpg',' ',0,'2014-02-11 00:00:00',0,1,'C:/Users/WM/Desktop/QR/62'),(63,'BREAKER SCHENIDER IC60N  C 40A',8,'ninguna','ninguna','noimage.jpg',' ',0,'2014-02-10 00:00:00',0,1,'C:/Users/WM/Desktop/QR/63'),(64,'CABLES USB TIPO B',5,'ninguna','ninguna','noimage.jpg',' ',0,'2014-02-10 12:00:00',0,1,'C:/Users/WM/Desktop/QR/64'),(65,'CABLES USB TIPO B',5,'ninguna','ninguna','noimage.jpg',' ',0,'2014-02-11 00:00:00',0,1,'C:/Users/WM/Desktop/QR/65'),(66,'CABLES USB TIPO B',5,'ninguna','ninguna','noimage.jpg',' ',0,'2014-02-17 12:00:00',0,1,'C:/Users/WM/Desktop/QR/66'),(67,'CABLES USB TIPO B',5,'ninguna','ninguna','noimage.jpg',' ',0,'2014-02-10 12:00:00',0,1,'C:/Users/WM/Desktop/QR/67'),(68,'CABLE USB MINI USB',5,'ninguna','ninguna','noimage.jpg',' ',0,'2014-02-03 00:00:00',0,1,'C:/Users/WM/Desktop/QR/68'),(69,'CABLE USB MINI USB',5,'ninguna','ninguna','noimage.jpg',' ',0,'2014-02-09 00:00:00',0,1,'C:/Users/WM/Desktop/QR/69'),(70,'CABLE USB MINI USB',5,'ninguna','ninguna','noimage.jpg',' ',0,'2014-02-10 00:00:00',0,1,'C:/Users/WM/Desktop/QR/70'),(71,'CABLES USB',5,'ninguna','ninguna','noimage.jpg',' ',0,'2014-02-03 12:00:00',0,1,'C:/Users/WM/Desktop/QR/71'),(72,'CABLE CONVERSOR USB-SERIAL',5,'ninguna','ninguna','noimage.jpg',' ',0,'2014-02-03 00:00:00',0,1,'C:/Users/WM/Desktop/QR/72'),(73,'CABLE CONVERSOR USB-SERIAL',5,'ninguna','ninguna','noimage.jpg',' ',0,'2014-02-10 00:00:00',0,1,'C:/Users/WM/Desktop/QR/73'),(74,'CABLE CONVERSOR USB-SERIAL',5,'ninguna','ninguna','noimage.jpg',' ',0,'2014-02-03 00:00:00',0,1,'C:/Users/WM/Desktop/QR/74'),(75,'CABLE CONVERSOR USB-SERIAL',5,'ninguna','ninguna','noimage.jpg',' ',0,'2014-02-03 12:00:00',0,1,'C:/Users/WM/Desktop/QR/75'),(76,'SENSOR INDUCTIVO PNP/N.O',7,'CONCH','TS-1204PA','noimage.jpg',' 1',0,'2014-01-06 12:00:00',0,1,'C:Archivos de programaApache Software FoundationTomcat 7.0webappsSIPLQR/'),(77,'SENSOR INDUCTIVO PNP/N.O',7,'CONCH','TS-1204PA','noimage.jpg',' 2',0,'2014-01-06 12:00:00',0,1,'C:Archivos de programaApache Software FoundationTomcat 7.0webappsSIPLQR/'),(78,'SENSOR INDUCTIVO PNP/N.O',7,'CONCH','TS-1204PA','noimage.jpg',' 3',0,'2014-01-06 12:00:00',0,1,'C:Archivos de programaApache Software FoundationTomcat 7.0webappsSIPLQR/'),(79,'SENSOR INDUCTIVO PNP/N.O',7,'CONCH','TS-1204PA','noimage.jpg',' 4',0,'2014-01-06 12:00:00',0,1,'C:Archivos de programaApache Software FoundationTomcat 7.0webappsSIPLQR/'),(80,'ARDUINO MEGA ADK + CABLE ARDUINO USB TIPO B',3,'ARDUINO','1','noimage.jpg','MK0012519',0,'2013-12-10 12:00:00',1,1,'C:Archivos de programaApache Software FoundationTomcat 7.0webappsSIPLQR/'),(81,'ARDUINO MEGA ADK + CABLE ARDUINO USB TIPO B',3,'ARDUINO','2','noimage.jpg',' MK0012514',0,'2013-12-10 12:00:00',0,1,'C:Archivos de programaApache Software FoundationTomcat 7.0webappsSIPLQR/'),(82,'ARDUINO MEGA ADK + CABLE ARDUINO USB TIPO B',3,'ARDUINO','3','noimage.jpg',' MK0012511',0,'2013-12-10 12:00:00',1,1,'C:Archivos de programaApache Software FoundationTomcat 7.0webappsSIPLQR/'),(83,'ARDUINO MEGA ADK + CABLE ARDUINO USB TIPO B',3,'ARDUINO','4','noimage.jpg',' MK0012515',0,'2013-12-10 12:00:00',0,1,'C:Archivos de programaApache Software FoundationTomcat 7.0webappsSIPLQR/'),(84,'ARDUINO MEGA ADK + CABLE ARDUINO USB TIPO B',3,'ARDUINO','5','noimage.jpg',' MK0012517',0,'2013-12-10 12:00:00',0,1,'C:Archivos de programaApache Software FoundationTomcat 7.0webappsSIPLQR/'),(85,'ARDUINO UNO R3 + CABLE USB TIPO B',3,'ARDUINO','6','noimage.jpg',' ',0,'2013-02-04 12:00:00',1,1,'C:Archivos de programaApache Software FoundationTomcat 7.0webappsSIPLQR/'),(86,'ARDUINO MEGA 2560 R2 + CABLE USB TIPO B',3,'ARDUINO','7','noimage.jpg',' ',0,'2013-02-04 12:00:00',0,1,'C:Archivos de programaApache Software FoundationTomcat 7.0webappsSIPLQR/'),(87,'CAUTIN + BASE',9,'ninguna','ninguna','noimage.jpg',' ',0,'2014-02-03 12:00:00',1,1,'C:/Users/WM/Desktop/QR/87'),(88,'CAUTIN + BASE',9,'ninguna','ninguna','noimage.jpg',' ',0,'2014-02-10 12:00:00',0,1,'C:/Users/WM/Desktop/QR/88'),(89,'CAUTIN + BASE',9,'ninguna','ninguna','noimage.jpg',' ',0,'2014-02-03 00:00:00',0,1,'C:/Users/WM/Desktop/QR/89'),(90,'CAUTIN + BASE',9,'ninguna','ninguna','noimage.jpg',' ',0,'2014-02-04 00:00:00',0,1,'C:/Users/WM/Desktop/QR/90'),(91,'CAUTIN + BASE',9,'ninguna','ninguna','noimage.jpg',' ',0,'2014-02-10 00:00:00',0,1,'C:/Users/WM/Desktop/QR/91'),(92,'CAUTIN + BASE',9,'ninguna','ninguna','noimage.jpg',' ',0,'2014-02-03 00:00:00',0,1,'C:/Users/WM/Desktop/QR/92'),(93,'CAUTIN + BASE',9,'ninguna','ninguna','noimage.jpg',' ',0,'2014-02-10 00:00:00',0,1,'C:/Users/WM/Desktop/QR/93'),(94,'CAUTIN + BASE',9,'ninguna','ninguna','noimage.jpg',' ',0,'2014-02-11 00:00:00',0,1,'C:/Users/WM/Desktop/QR/94'),(97,'FUENTE FIJA (12-12/5-5)',10,'ELECTRONICS','ninguna','noimage.jpg',' 1',0,'2014-02-04 12:00:00',0,1,'C:Archivos de programaApache Software FoundationTomcat 7.0webappsSIPLQR/'),(98,'FUENTE FIJA (12-12/5-5)',10,'ELECTRONICS','ninguna','noimage.jpg',' 2',0,'2014-02-03 12:00:00',0,1,'C:Archivos de programaApache Software FoundationTomcat 7.0webappsSIPLQR/'),(99,'FUENTE FIJA (12-12/5-5)',10,'ELECTRONICS','ninguna','noimage.jpg',' 3',0,'2014-02-04 12:00:00',0,1,'C:Archivos de programaApache Software FoundationTomcat 7.0webappsSIPLQR/'),(100,'FUENTE FIJA (12-12/5-5)',10,'ELECTRONICS','ninguna','noimage.jpg','4',0,'2014-02-11 12:00:00',0,1,'C:Archivos de programaApache Software FoundationTomcat 7.0webappsSIPLQR/'),(101,'FUENTE FIJA (12-12/5-5)',10,'ELECTRONICS','ninguna','noimage.jpg',' 5',0,'2014-02-04 12:00:00',0,1,'C:Archivos de programaApache Software FoundationTomcat 7.0webappsSIPLQR/'),(102,'FUENTE FIJA (12-12/5-5)',10,'ELECTRONICS','ninguna','noimage.jpg','6',0,'2014-02-11 12:00:00',0,1,'C:Archivos de programaApache Software FoundationTomcat 7.0webappsSIPLQR/'),(103,'FUENTE FIJA (12-12/5-5)',10,'ELECTRONICS','ninguna','noimage.jpg','7',0,'2014-02-11 12:00:00',0,1,'C:Archivos de programaApache Software FoundationTomcat 7.0webappsSIPLQR/'),(104,'MULTIMETROS DIGITAL UT58D',10,'UNIT-T','1080424816','noimage.jpg',' N00006833',0,'2008-09-01 12:00:00',0,1,'C:Archivos de programaApache Software FoundationTomcat 7.0webappsSIPLQR/'),(105,'MULTIMETROS DIGITAL UT58D',10,'UNIT-T','1070860914','noimage.jpg',' N00007978',0,'2009-09-04 12:00:00',0,1,'C:Archivos de programaApache Software FoundationTomcat 7.0webappsSIPLQR/'),(106,'MULTIMETROS DIGITAL UT58D',10,'UNIT-T','1080801034','noimage.jpg',' N00007984',0,'2009-09-04 12:00:00',0,1,'C:Archivos de programaApache Software FoundationTomcat 7.0webappsSIPLQR/'),(110,'MULTIMETRO TECH TM-178',10,'ninguna','ninguna','noimage.jpg',' ',0,'2014-02-05 12:00:00',0,1,'C:/Users/WM/Desktop/QR/110'),(111,'MULTIMETRO TECH TM-178',10,'ninguna','ninguna','noimage.jpg',' ',0,'2014-02-04 12:00:00',1,1,'C:/Users/WM/Desktop/QR/111'),(112,'MULTIMETRO TECH TM-178',10,'ninguna','ninguna','noimage.jpg',' ',0,'2014-02-04 12:00:00',0,1,'C:/Users/WM/Desktop/QR/112'),(113,'MULTIMETRO TECH TM-178',10,'ninguna','ninguna','noimage.jpg',' ',0,'2014-02-03 00:00:00',0,1,'C:/Users/WM/Desktop/QR/113'),(114,'MULTIMETRO INDUSTRIAL AUTORANGO',10,'EXTECH','11038408','noimage.jpg',' N00014519',0,'2011-11-04 12:00:00',0,1,'C:Archivos de programaApache Software FoundationTomcat 7.0webappsSIPLQR/'),(115,'MULTIMETRO INDUSTRIAL AUTORANGO',10,'EXTECH','11038401','noimage.jpg','N00014520 ',0,'2011-11-01 12:00:00',0,1,'C:Archivos de programaApache Software FoundationTomcat 7.0webappsSIPLQR/'),(116,'MULTIMETRO INDUSTRIAL AUTORANGO',10,'EXTECH','11038361','noimage.jpg',' N00014521',0,'2011-11-01 12:00:00',0,1,'C:Archivos de programaApache Software FoundationTomcat 7.0webappsSIPLQR/'),(117,'MULTIMETROS ISDUSTRIAL AUTORANGO',10,'EXTECH','12047847','noimage.jpg',' N00018300',0,'2013-04-15 12:00:00',0,1,'C:Archivos de programaApache Software FoundationTomcat 7.0webappsSIPLQR/'),(118,'MULTIMETROS INDUSTRIAL AUTORANGO',10,'EXTECH','12018534','noimage.jpg',' N00018301',0,'2013-04-15 12:00:00',1,1,'C:Archivos de programaApache Software FoundationTomcat 7.0webappsSIPLQR/'),(119,'MULTIMETROS INDUSTRIAL AUTORANGO',10,'EXTECH','12018539','noimage.jpg',' N00018302',0,'2013-04-15 12:00:00',0,1,'C:Archivos de programaApache Software FoundationTomcat 7.0webappsSIPLQR/'),(120,'MULTIMETROS INDUSRIAL AUTORANGO',10,'EXTECH','12018530','noimage.jpg',' N00018303',0,'2013-04-15 12:00:00',1,1,'C:Archivos de programaApache Software FoundationTomcat 7.0webappsSIPLQR/'),(121,'MULTIMETRO INDUSTRIAL AUTORANGO',10,'EXTECH','12018518','noimage.jpg',' N00018304',0,'2013-04-15 12:00:00',1,1,'C:Archivos de programaApache Software FoundationTomcat 7.0webappsSIPLQR/'),(122,'MULTIMETRO INDUSTRIAL AUTORANGO',10,'EXTECH','12057504','noimage.jpg',' N00018305',0,'2014-02-03 12:00:00',0,1,'C:Archivos de programaApache Software FoundationTomcat 7.0webappsSIPLQR/'),(123,'MULTIMETROS INDUSTRIAL AUTORANGO',10,'EXTECH','12057486','noimage.jpg',' N00018306',0,'2014-02-11 12:00:00',1,1,'C:Archivos de programaApache Software FoundationTomcat 7.0webappsSIPLQR/'),(124,'MULTIMETRO INDUSTRIAL AUTORANGO',10,'EXTECH','12057520','noimage.jpg',' N00018307',0,'2013-04-15 12:00:00',0,1,'C:Archivos de programaApache Software FoundationTomcat 7.0webappsSIPLQR/'),(125,'MULTIMETRO INDUSTRIAL AUTORANGO ',10,'EXTECH','12057510','noimage.jpg',' N00018308',0,'2014-02-04 12:00:00',0,1,'C:Archivos de programaApache Software FoundationTomcat 7.0webappsSIPLQR/'),(126,'MULTIMETRO INDUSTRIAL AUTORANGO',10,'EXTECH','12057479','noimage.jpg',' N00018309',0,'2014-02-10 12:00:00',0,1,'C:Archivos de programaApache Software FoundationTomcat 7.0webappsSIPLQR/'),(127,'MULTIMETRO INDUSTRIAL AUTORANGO',10,'EXTECH','12057485','noimage.jpg',' N00018310',0,'2013-04-15 12:00:00',0,1,'C:Archivos de programaApache Software FoundationTomcat 7.0webappsSIPLQR/'),(128,'MULTIMETRO INDUSTRIAL AUTORANGO ',10,'EXTECH','12057511','noimage.jpg',' N00018312',0,'2014-02-04 12:00:00',0,1,'C:Archivos de programaApache Software FoundationTomcat 7.0webappsSIPLQR/'),(129,'MULTIMETRO INSDUSTRIAL AUTORANGO',10,'EXTECH','12079445','noimage.jpg',' N00018311',0,'2013-07-03 12:00:00',0,1,'C:Archivos de programaApache Software FoundationTomcat 7.0webappsSIPLQR/'),(130,'MULTIMETRO INDUSTRIAL AUTORANGO',10,'EXTECH','12057475','noimage.jpg',' N00018313',0,'2014-02-04 12:00:00',0,1,'C:Archivos de programaApache Software FoundationTomcat 7.0webappsSIPLQR/'),(131,'MULTIMETRO INDUSTRIAL AUTORANGO ',10,'EXTECH','12057508','noimage.jpg',' N00018314',0,'2013-04-15 12:00:00',0,1,'C:Archivos de programaApache Software FoundationTomcat 7.0webappsSIPLQR/'),(132,'MULTIMETROS DIGITALES EXTECH INSTRUMENTS',10,'EXTECH','12079445','noimage.jpg',' N00018891',0,'2013-06-03 12:00:00',0,1,'C:Archivos de programaApache Software FoundationTomcat 7.0webappsSIPLQR/'),(133,'MULTIMETRO INDUSTRIAL AUTORANGO',10,'EXTECH','12079403','noimage.jpg','N00018882',0,'2013-07-03 12:00:00',0,1,'C:Archivos de programaApache Software FoundationTomcat 7.0webappsSIPLQR/'),(134,'MULTIMETRO INDUSTRIAL AUTORANGO',10,'EXTECH','12079400','noimage.jpg',' N00018883',0,'2013-07-03 12:00:00',0,1,'C:Archivos de programaApache Software FoundationTomcat 7.0webappsSIPLQR/'),(135,'MULTIMETRO INDUSTRIAL AUTORANGO',10,'EXTECH','12079386','noimage.jpg',' N00018884',0,'2013-07-03 12:00:00',0,1,'C:Archivos de programaApache Software FoundationTomcat 7.0webappsSIPLQR/'),(136,'MULTIMETRO INDUSTRIAL AUTORANGO',10,'EXTECH','12079443','noimage.jpg',' N00018885',0,'2014-02-03 12:00:00',0,1,'C:Archivos de programaApache Software FoundationTomcat 7.0webappsSIPLQR/'),(137,'MULTIMETRO INDUSTRIAL AUTORANGO',10,'EXTECH','12079423','noimage.jpg',' N00018886',0,'2013-07-03 12:00:00',0,1,'C:Archivos de programaApache Software FoundationTomcat 7.0webappsSIPLQR/'),(138,'MULTIMETRO INDUSTRIAL AUTORANGO',10,'EXTECH','12079384','noimage.jpg',' N00018887',0,'2013-07-03 12:00:00',0,1,'C:Archivos de programaApache Software FoundationTomcat 7.0webappsSIPLQR/'),(139,'MULTIMETRO INDUSTRIAL AUTORANGO',10,'EXTECH','12079372','noimage.jpg',' N00018888',0,'2013-07-03 12:00:00',0,1,'C:Archivos de programaApache Software FoundationTomcat 7.0webappsSIPLQR/'),(140,'MULTIMETRO INDUSTRIAL AUTORANGO',10,'EXTECH','12079360','noimage.jpg',' N00018889',0,'2013-07-03 12:00:00',0,1,'C:Archivos de programaApache Software FoundationTomcat 7.0webappsSIPLQR/'),(141,'MULTIMETRO INDUSTRIAL AUTORANGO',10,'EXTECH','12079432','noimage.jpg',' N00018890',0,'2013-07-03 12:00:00',0,1,'C:Archivos de programaApache Software FoundationTomcat 7.0webappsSIPLQR/'),(154,'COMPUTADOR DELL OPTIPLEX 390CORE i5',2,'Dell','9L74VV1/871NRL','noimage.jpg','N00016525',1,'2012-05-04 12:00:00',0,1,'C:Archivos de programaApache Software FoundationTomcat 7.0webappsSIPLQR/154'),(156,'PINZA AMPERIMETRICA AC /DC 54NAV',10,'AMPROBE','ninguna','noimage.jpg','N00018355',0,'2013-05-02 12:00:00',0,1,'C:Archivos de programaApache Software FoundationTomcat 7.0webappsSIPLQR/'),(157,'PINZA AMPERIMETRICA AC /DC 54NAV',10,'AMPROBE','ninguna','noimage.jpg','N00018356',0,'2013-05-02 12:00:00',0,1,'C:Archivos de programaApache Software FoundationTomcat 7.0webappsSIPLQR/'),(158,'PINZA AMPERIMETRICA AC /DC 54NAV',10,'AMPROBE','ninguna','noimage.jpg','N00018357',0,'2013-05-02 12:00:00',0,1,'C:Archivos de programaApache Software FoundationTomcat 7.0webappsSIPLQR/'),(159,'PINZA AMPERIMERICA AC /DC 54NAV',10,'AMPROBE','ninguna','noimage.jpg','N00018358',0,'2013-05-02 12:00:00',0,1,'C:Archivos de programaApache Software FoundationTomcat 7.0webappsSIPLQR/'),(160,'PINZA AMPERIMETRICA AC /DC 54NAV',10,'AMPROBE','ninguna','noimage.jpg','N00018359',0,'2014-04-21 14:44:00',0,1,'C:Archivos de programaApache Software FoundationTomcat 7.0webappsSIPLQR/160'),(161,'PINZA AMPERIMETRICA AC /DC 54NAV',10,'AMPROBE','ninguna','noimage.jpg','N00018360',0,'2013-05-02 00:00:00',0,1,'C:Archivos de programaApache Software FoundationTomcat 7.0webappsSIPLQR/161'),(162,'MULTIMETRO 187 - IV',10,'FLUKE','317B870','noimage.jpg','00016884',0,'2014-04-21 15:12:00',0,1,'C:Archivos de programaApache Software FoundationTomcat 7.0webappsSIPLQR/162'),(163,'MULTIMETRO 187 - IV',10,'FLUKE','317B870','noimage.jpg','00016886',0,'2001-03-01 00:00:00',0,1,'C:Archivos de programaApache Software FoundationTomcat 7.0webappsSIPLQR/163'),(164,'MULTIMETRO 187 - IV',10,'FLUKE','317B870','noimage.jpg','00016887',0,'2001-03-01 00:00:00',0,1,'C:Archivos de programaApache Software FoundationTomcat 7.0webappsSIPLQR/164'),(165,'MULTIMETRO 187 - IV',10,'FLUKE','317B870','noimage.jpg','00016888',0,'2001-03-01 00:00:00',0,1,'C:Archivos de programaApache Software FoundationTomcat 7.0webappsSIPLQR/165'),(166,'MULTIMETRO 187 - IV',10,'FLUKE','317B870','noimage.jpg','00016889',0,'2001-03-01 00:00:00',0,1,'C:Archivos de programaApache Software FoundationTomcat 7.0webappsSIPLQR/166'),(167,'MULTIMETRO 187 - IV',10,'FLUKE','317B870','noimage.jpg','00016890',0,'2001-03-01 12:00:00',0,1,'C:Archivos de programaApache Software FoundationTomcat 7.0webappsSIPLQR/'),(168,'FUENTE PODER CPS 250',10,'TEKTRONIX','310B658','noimage.jpg','00016952',0,'2001-03-23 00:00:00',0,1,'C:Archivos de programaApache Software FoundationTomcat 7.0webappsSIPLQR/168'),(169,'FUENTE PODER CPS 250',10,'TEKTRONIX','310B658','noimage.jpg','00016953',0,'2001-03-23 00:00:00',0,1,'C:Archivos de programaApache Software FoundationTomcat 7.0webappsSIPLQR/169'),(170,'FUENTE PODER CPS 250',10,'TEKTRONIX','310B658','noimage.jpg','00016954',0,'2001-03-23 00:00:00',0,1,'C:Archivos de programaApache Software FoundationTomcat 7.0webappsSIPLQR/170'),(171,'FUENTE PODER CPS 250',10,'TEKTRONIX','310B658','noimage.jpg','00016955',0,'2001-03-23 00:00:00',0,1,'C:Archivos de programaApache Software FoundationTomcat 7.0webappsSIPLQR/171'),(172,'FUENTE PODER CPS 250',10,'TEKTRONIX','310B658','noimage.jpg','00016956',0,'2001-03-23 12:00:00',0,1,'C:Archivos de programaApache Software FoundationTomcat 7.0webappsSIPLQR/172'),(173,'FUENTE PODER CPS 250',10,'TEKTRONIX','310B658','noimage.jpg','00016957',0,'2001-03-23 00:00:00',0,1,'C:Archivos de programaApache Software FoundationTomcat 7.0webappsSIPLQR/173'),(174,'FUENTE PODER CPS 250',10,'TEKTRONIX','310B658','noimage.jpg','00016958',0,'2001-03-23 00:00:00',0,1,'C:Archivos de programaApache Software FoundationTomcat 7.0webappsSIPLQR/174'),(175,'GENERADOR DE SENALES AFG 310',10,'TEKTRONIX','J313149','noimage.jpg','00016960',0,'2001-04-02 12:00:00',0,1,'C:Archivos de programaApache Software FoundationTomcat 7.0webappsSIPLQR/'),(176,'GENERADOR DE SENALES AFG310',10,'TEKTRONIX','J313147','noimage.jpg','00016961',0,'2001-04-02 12:00:00',0,1,'C:Archivos de programaApache Software FoundationTomcat 7.0webappsSIPLQR/'),(177,'GENERADOR DE SENALES AFG310',10,'TEKTRONIX','J313148','noimage.jpg','00016962',0,'2001-04-02 00:00:00',0,1,'C:Archivos de programaApache Software FoundationTomcat 7.0webappsSIPLQR/177'),(178,'GENERADOR DE SENALES AFG310',10,'TEKTRONIX','J313151','noimage.jpg','000166963',0,'2001-04-02 00:00:00',0,1,'C:Archivos de programaApache Software FoundationTomcat 7.0webappsSIPLQR/178'),(179,'GENERADOR DE SENALES AFG310',10,'TEKTRONIX','J313146','noimage.jpg','00016964',0,'2001-04-02 00:00:00',0,1,'C:Archivos de programaApache Software FoundationTomcat 7.0webappsSIPLQR/179'),(180,'GENERADOR DE SENALES AFG310',10,'TEKTRONIX','J313150','noimage.jpg','00016965',0,'2001-04-02 00:00:00',0,1,'C:Archivos de programaApache Software FoundationTomcat 7.0webappsSIPLQR/180'),(181,'GENERADOR DE SENALES AFG310',10,'TEKTRONIX','J313145','noimage.jpg','00016966',0,'2001-04-02 12:00:00',0,1,'C:Archivos de programaApache Software FoundationTomcat 7.0webappsSIPLQR/'),(182,'GENERADOR DE SENALES AFG3021B',10,'TEKTRONIX','C038292','noimage.jpg','N00015535',0,'2012-04-23 12:00:00',0,1,'C:Archivos de programaApache Software FoundationTomcat 7.0webappsSIPLQR/'),(183,'GENERADOR DE SENALES AFG3021B',10,'TEKTRONIX','CO38295','noimage.jpg','N000015536',0,'2012-04-23 12:00:00',0,1,'C:Archivos de programaApache Software FoundationTomcat 7.0webappsSIPLQR/'),(184,'GENERADOR DE SENALES AFG3021B',10,'TEKTRONIX','C038296','noimage.jpg','N00015537',0,'2012-04-23 00:00:00',0,1,'C:Archivos de programaApache Software FoundationTomcat 7.0webappsSIPLQR/184'),(185,'GENERADOR DE SENALES AFG3021B',10,'TEKTRONIX','C038297','noimage.jpg','N00015538',0,'2012-04-23 08:18:00',0,1,'C:Archivos de programaApache Software FoundationTomcat 7.0webappsSIPLQR/'),(186,'GENERADOR DE SENALES AFG3021B',10,'TEKTRONIX','C038298','noimage.jpg','N00015539',0,'2012-04-23 00:00:00',0,1,'C:Archivos de programaApache Software FoundationTomcat 7.0webappsSIPLQR/186'),(187,'GENERADOR DE SENALES AFG3021B',10,'TEKTRONIX','C038299','noimage.jpg','N00015540',0,'2012-04-23 00:00:00',0,1,'C:Archivos de programaApache Software FoundationTomcat 7.0webappsSIPLQR/187'),(188,'GENERADOR DE SENALES AFG3021B',10,'TEKTRONIX','C038300','noimage.jpg','N00015541',0,'2012-04-23 00:00:00',0,1,'C:Archivos de programaApache Software FoundationTomcat 7.0webappsSIPLQR/188'),(189,'GENERADOR DE SENALES AFG3021B',10,'TEKTRONIX','C010415','noimage.jpg','N00018361',0,'2013-05-02 12:00:00',0,1,'C:Archivos de programaApache Software FoundationTomcat 7.0webappsSIPLQR/'),(190,'GENERADOR DE SENALES AFG3021B',10,'TEKTRONIX','C010436','noimage.jpg','N00018362',0,'2013-05-02 12:00:00',0,1,'C:Archivos de programaApache Software FoundationTomcat 7.0webappsSIPLQR/'),(191,'OSCILOSCOPIO TDS 3012',10,'TEKTRONIX','B022237','noimage.jpg','00016877',0,'2001-04-02 00:00:00',0,1,'C:Archivos de programaApache Software FoundationTomcat 7.0webappsSIPLQR/191'),(192,'OSCILOSCOPIO TDS 3012',10,'TEKTRONIX','B022238','noimage.jpg','00016878',0,'2001-04-02 00:00:00',0,1,'C:Archivos de programaApache Software FoundationTomcat 7.0webappsSIPLQR/192'),(193,'OSCILOSCOPIO TDS 3012',10,'TEKTRONIX','B021853','noimage.jpg','00016879',0,'2001-04-02 00:00:00',0,1,'C:Archivos de programaApache Software FoundationTomcat 7.0webappsSIPLQR/193'),(194,'OSCILOSCOPIO TDS 3012',10,'TEKTRONIX','B022148','noimage.jpg','00016880',0,'2001-04-02 00:00:00',0,1,'C:Archivos de programaApache Software FoundationTomcat 7.0webappsSIPLQR/194'),(195,'OSCILOSCOPIO TDS 3012',10,'TEKTRONIX','B022157','noimage.jpg','00016881',0,'2001-04-02 00:00:00',0,1,'C:Archivos de programaApache Software FoundationTomcat 7.0webappsSIPLQR/195'),(196,'OSCILOSCOPIO TDS 3012',10,'TEKTRONIX','B021854','noimage.jpg','00016882',0,'2001-04-02 00:00:00',0,1,'C:Archivos de programaApache Software FoundationTomcat 7.0webappsSIPLQR/196'),(197,'OSCILOSCOPIO TDS 3012',10,'TEKTRONIX','B021736','noimage.jpg','00016883',0,'2001-04-02 00:00:00',0,1,'C:Archivos de programaApache Software FoundationTomcat 7.0webappsSIPLQR/197'),(198,'OSCILOSCOPIO DIGITAL UT81B',10,'UNI-T','1080347110','noimage.jpg','N00006838',0,'2008-09-01 00:00:00',0,1,'C:Archivos de programaApache Software FoundationTomcat 7.0webappsSIPLQR/198'),(199,'OSCILOSCOPIOS DIGITAL TDS2012C',10,'TEKTRONIX','C020214','noimage.jpg','N00015528',0,'2012-04-24 00:00:00',0,1,'C:Archivos de programaApache Software FoundationTomcat 7.0webappsSIPLQR/199'),(200,'OSCILOSCOPIO DIGITAL TDS 2012C',10,'TEKTRONIX','C00218','noimage.jpg','N00015529',0,'2012-04-23 00:00:00',0,1,'C:Archivos de programaApache Software FoundationTomcat 7.0webappsSIPLQR/200'),(201,'OSCILOSCOPIO DIGITAL TDS2012C',10,'TEKTRONIX','C020224','noimage.jpg','N00015530',0,'2012-04-23 00:00:00',0,1,'C:Archivos de programaApache Software FoundationTomcat 7.0webappsSIPLQR/201'),(202,'OSCILOSCOPIO DIGITAL TDS2012C',10,'TEKTRONIX','C020232','noimage.jpg','N000015531',0,'2012-04-23 00:00:00',0,1,'C:Archivos de programaApache Software FoundationTomcat 7.0webappsSIPLQR/202'),(203,'OSCILOSCOPIO DIGITAL TDS2012C',10,'TEKTRONIX','C020238','noimage.jpg','N00015532',0,'2012-04-23 00:00:00',0,1,'C:Archivos de programaApache Software FoundationTomcat 7.0webappsSIPLQR/203'),(204,'OSCILOSCOPIO DIGITAL TDS2012C',10,'TEKTRONIX','C020249','noimage.jpg','N00015533',0,'2012-04-23 00:00:00',0,1,'C:Archivos de programaApache Software FoundationTomcat 7.0webappsSIPLQR/204'),(205,'OSCILOSCOPIO DIGITAL TDS2012C',10,'TEKTRONIX','C020254','noimage.jpg','N00015534',0,'2012-04-23 00:00:00',0,1,'C:Archivos de programaApache Software FoundationTomcat 7.0webappsSIPLQR/205'),(206,'OSCILOSCOPIO DIGITAL TDS2012C',10,'TEKTRONIX','C030272','noimage.jpg','N00018363',0,'2013-05-02 00:00:00',0,1,'C:Archivos de programaApache Software FoundationTomcat 7.0webappsSIPLQR/206'),(207,'OSCILOSCOPIO DIGITAL TDS2012C',10,'TEKTRONIX','C030404','noimage.jpg','N00018364',0,'2013-05-02 00:00:00',0,1,'C:Archivos de programaApache Software FoundationTomcat 7.0webappsSIPLQR/207'),(208,'PUNTA DE OSCILOSCOPIO CON CAPERUZA',10,'TEKTRONIX','ninguna','noimage.jpg','1',0,'2013-11-20 12:00:00',1,1,'C:Archivos de programaApache Software FoundationTomcat 7.0webappsSIPLQR/208'),(209,'PUNTA DE OSCILOSCOPIO CON CAPERUZA',10,'TEKTRONIX','ninguna','noimage.jpg','2',0,'2013-11-20 12:00:00',1,1,'C:Archivos de programaApache Software FoundationTomcat 7.0webappsSIPLQR/209'),(210,'PUNTA DE OSCILOSCOPIO CON CAPERUZA',10,'TEKTRONIX','ninguna','noimage.jpg','3',0,'2013-11-20 00:00:00',0,1,'C:Archivos de programaApache Software FoundationTomcat 7.0webappsSIPLQR/210'),(211,'PUNTA DE OSCILOSCOPIO CON CAPERUZA',10,'TEKTRONIX','ninguna','noimage.jpg','4',0,'2013-11-20 00:00:00',0,1,'C:Archivos de programaApache Software FoundationTomcat 7.0webappsSIPLQR/211'),(212,'PUNTA DE OSCILOSCOPIO CON CAPERUZA',10,'TEKTRONIX','ninguna','noimage.jpg','5',0,'2013-11-20 00:00:00',0,1,'C:Archivos de programaApache Software FoundationTomcat 7.0webappsSIPLQR/212'),(213,'PUNTA DE OSCILOSCOPIO CON CAPERUZA',10,'TEKTRONIX','ninguna','noimage.jpg','6',0,'2013-11-20 12:00:00',0,1,'C:Archivos de programaApache Software FoundationTomcat 7.0webappsSIPLQR/213'),(214,'PUNTA DE OSCILOSCOPIO CON CAPERUZA',10,'TEKTRONIX','ninguna','noimage.jpg','7',0,'2013-11-20 12:00:00',0,1,'C:Archivos de programaApache Software FoundationTomcat 7.0webappsSIPLQR/214'),(215,'PUNTA DE OSCILOSCOPIO CON CAPERUZA',10,'TEKTRONIX','ninguna','noimage.jpg','8',0,'2014-04-28 15:16:00',0,1,'C:Archivos de programaApache Software FoundationTomcat 7.0webappsSIPLQR/215'),(216,'PUNTA DE OSCILOSCOPIO CON CAPERUZA',10,'TEKTRONIX','ninguna','noimage.jpg','9',0,'2013-11-20 00:00:00',0,1,'C:Archivos de programaApache Software FoundationTomcat 7.0webappsSIPLQR/216'),(217,'PUNTA DE OSCILOSCOPIO CON CAPERUZA',10,'TEKTRONIX','ninguna','noimage.jpg','10',0,'2013-11-20 00:00:00',0,1,'C:Archivos de programaApache Software FoundationTomcat 7.0webappsSIPLQR/217'),(218,'PUNTA DE OSCILOSCOPIO CON CAPERUZA',10,'POMONA','ninguna','noimage.jpg','1',0,'2013-11-20 00:00:00',0,1,'C:Archivos de programaApache Software FoundationTomcat 7.0webappsSIPLQR/218'),(219,'PUNTA DE OSCILOSCOPIO CON CAPERUZA',10,'POMONA','ninguna','noimage.jpg','2',0,'2013-11-20 00:00:00',0,1,'C:Archivos de programaApache Software FoundationTomcat 7.0webappsSIPLQR/219'),(220,'PUNTA DE OSCILOSCOPIO CON CAPERUZA',10,'POMONA','ninguna','noimage.jpg','3',0,'2013-11-20 00:00:00',0,1,'C:Archivos de programaApache Software FoundationTomcat 7.0webappsSIPLQR/220'),(221,'PUNTA DE OSCILOSCOPIO CON CAPERUZA',10,'POMONA','ninguna','noimage.jpg','4',0,'2013-11-20 00:00:00',0,1,'C:Archivos de programaApache Software FoundationTomcat 7.0webappsSIPLQR/221'),(222,'PUNTA DE OSCILOSCOPIO CON CAPERUZA',10,'POMONA','ninguna','noimage.jpg','5',0,'2013-11-20 00:00:00',0,1,'C:Archivos de programaApache Software FoundationTomcat 7.0webappsSIPLQR/222'),(223,'PUNTA DE OSCILOSCOPIO CON CAPERUZA',10,'POMONA','ninguna','noimage.jpg','6',0,'2013-11-20 00:00:00',0,1,'C:Archivos de programaApache Software FoundationTomcat 7.0webappsSIPLQR/223'),(224,'PUNTA DE OSCILOSCOPIO CON CAPERUZA',10,'POMONA','ninguna','noimage.jpg','7',0,'2013-11-20 00:00:00',0,1,'C:Archivos de programaApache Software FoundationTomcat 7.0webappsSIPLQR/224'),(225,'PUNTA DE OSCILOSCOPIO CON CAPERUZA',10,'POMONA','ninguna','noimage.jpg','8',0,'2013-11-20 00:00:00',0,1,'C:Archivos de programaApache Software FoundationTomcat 7.0webappsSIPLQR/225'),(226,'PUNTA DE OSCILOSCOPIO CON CAPERUZA',10,'POMONA','ninguna','noimage.jpg','9',0,'2013-11-20 00:00:00',0,1,'C:Archivos de programaApache Software FoundationTomcat 7.0webappsSIPLQR/226'),(227,'PUNTA DE OSCILOSCOPIO CON CAPERUZA',10,'POMONA','ninguna','noimage.jpg','10',0,'2013-11-20 00:00:00',0,1,'C:Archivos de programaApache Software FoundationTomcat 7.0webappsSIPLQR/227'),(228,'PUNTA DE GENRADOR',10,'ELECTRONICA','ninguna','noimage.jpg','1',0,'2014-02-05 00:00:00',0,1,'C:Archivos de programaApache Software FoundationTomcat 7.0webappsSIPLQR/228'),(229,'PUNTA DE GENRADOR',10,'ELECTRONICA','ninguna','noimage.jpg','2',0,'2014-02-05 00:00:00',0,1,'C:Archivos de programaApache Software FoundationTomcat 7.0webappsSIPLQR/229'),(230,'PUNTA DE GENRADOR',10,'ELECTRONICA','ninguna','noimage.jpg','3',0,'2014-02-05 00:00:00',0,1,'C:Archivos de programaApache Software FoundationTomcat 7.0webappsSIPLQR/230'),(231,'PUNTA DE GENRADOR',10,'ELECTRONICA','ninguna','noimage.jpg','4',0,'2014-02-05 00:00:00',0,1,'C:Archivos de programaApache Software FoundationTomcat 7.0webappsSIPLQR/231'),(232,'PUNTA DE GENRADOR',10,'ELECTRONICA','ninguna','noimage.jpg','5',0,'2014-02-05 00:00:00',0,1,'C:Archivos de programaApache Software FoundationTomcat 7.0webappsSIPLQR/232'),(233,'PUNTA DE GENRADOR',10,'ELECTRONICA','ninguna','noimage.jpg','6',0,'2014-02-05 00:00:00',0,1,'C:Archivos de programaApache Software FoundationTomcat 7.0webappsSIPLQR/233'),(234,'PUNTA DE GENRADOR',10,'ELECTRONICA','ninguna','noimage.jpg','7',0,'2014-02-05 00:00:00',0,1,'C:Archivos de programaApache Software FoundationTomcat 7.0webappsSIPLQR/234'),(235,'PUNTA DE GENRADOR',10,'ELECTRONICA','ninguna','noimage.jpg','8',0,'2014-02-05 00:00:00',0,1,'C:Archivos de programaApache Software FoundationTomcat 7.0webappsSIPLQR/235'),(236,'PUNTA DE GENRADOR',10,'ELECTRONICA','ninguna','noimage.jpg','9',0,'2014-02-05 00:00:00',0,1,'C:Archivos de programaApache Software FoundationTomcat 7.0webappsSIPLQR/236'),(237,'PUNTA DE GENRADOR',10,'ELECTRONICA','ninguna','noimage.jpg','10',0,'2014-02-05 00:00:00',0,1,'C:Archivos de programaApache Software FoundationTomcat 7.0webappsSIPLQR/237'),(238,'PUNTA DE GENRADOR',10,'ELECTRONICA','ninguna','noimage.jpg','11',0,'2014-02-05 00:00:00',0,1,'C:Archivos de programaApache Software FoundationTomcat 7.0webappsSIPLQR/238'),(239,'PUNTA DE GENRADOR',10,'ELECTRONICA','ninguna','noimage.jpg','12',0,'2014-05-05 00:00:00',0,1,'C:Archivos de programaApache Software FoundationTomcat 7.0webappsSIPLQR/239'),(240,'PUNTA DE GENRADOR',10,'ELECTRONICA','ninguna','noimage.jpg','13',0,'2014-02-05 12:00:00',0,1,'C:Archivos de programaApache Software FoundationTomcat 7.0webappsSIPLQR/'),(241,'PUNTA DE GENERADOR',10,'ELECTRONICA','ninguna','noimage.jpg','14',0,'2014-02-05 12:00:00',0,1,'C:Archivos de programaApache Software FoundationTomcat 7.0webappsSIPLQR/'),(242,'PUNTA DE GENERADOR\r\n',10,'ELECTRONICA','ninguna','noimage.jpg','15',0,'2014-02-05 12:00:00',0,1,'C:Archivos de programaApache Software FoundationTomcat 7.0webappsSIPLQR/'),(243,'PUNTA DE GENERADOR',10,'ELECTRONICA','ninguna','noimage.jpg','16',0,'2014-02-05 12:00:00',0,1,'C:Archivos de programaApache Software FoundationTomcat 7.0webappsSIPLQR/'),(244,'PUNTA DE GENERADOR',10,'ELECTRONICA','ninguna','noimage.jpg','17',0,'2014-02-06 12:00:00',0,1,'C:Archivos de programaApache Software FoundationTomcat 7.0webappsSIPLQR/'),(245,'PUNTA DE GENERADOR',10,'ELECTRONICA','ninguna','noimage.jpg','18',0,'2014-02-05 00:00:00',0,1,'C:Archivos de programaApache Software FoundationTomcat 7.0webappsSIPLQR/245'),(246,'PUNTA DE GENERADOR',10,'ELECTRONICA','ninguna','noimage.jpg','19',0,'2014-02-05 00:00:00',0,1,'C:Archivos de programaApache Software FoundationTomcat 7.0webappsSIPLQR/246'),(247,'PUNTA DE GENERADOR',10,'ELECTRONICA','ninguna','noimage.jpg','20',0,'2014-02-05 00:00:00',0,1,'C:Archivos de programaApache Software FoundationTomcat 7.0webappsSIPLQR/247'),(248,'CAMARA WEB',2,'LOGITECH','C920','noimage.jpg','N00020606',0,'2013-11-25 00:00:00',0,1,'C:Archivos de programaApache Software FoundationTomcat 7.0webappsSIPLQR/248'),(249,'CAMARA WEB',2,'LOGITECH','C920','noimage.jpg','N000020607',0,'2013-11-25 12:00:00',0,1,'C:Archivos de programaApache Software FoundationTomcat 7.0webappsSIPLQR/'),(250,'LECTOR CODIGO DE BARRAS',2,'HONEYWELL','XENON1900','noimage.jpg','N00019260',0,'2013-09-19 00:00:00',0,1,'C:Archivos de programaApache Software FoundationTomcat 7.0webappsSIPLQR/250'),(251,'MOTOR DC',7,'PITTMAN','14207S008','noimage.jpg','1',0,'2014-01-13 00:00:00',0,1,'C:Archivos de programaApache Software FoundationTomcat 7.0webappsSIPLQR/251'),(252,'MOTOR DC',7,'PITTMAN','14207S008','noimage.jpg','2',0,'2014-01-13 00:00:00',0,1,'C:Archivos de programaApache Software FoundationTomcat 7.0webappsSIPLQR/252'),(253,'TARJETA SPARTAN ',3,'STARTER','SPAR3E','noimage.jpg','N00004438',0,'2006-11-20 00:00:00',0,1,'C:Archivos de programaApache Software FoundationTomcat 7.0webappsSIPLQR/253'),(254,'TARJETA SPARTAN',3,'STARTER','SPAR3E','noimage.jpg','N0004439',0,'2006-11-20 00:00:00',0,1,'C:Archivos de programaApache Software FoundationTomcat 7.0webappsSIPLQR/254'),(255,'DAQ',3,'NATIONAL INSTRUMENTS','158742A','noimage.jpg','1',0,'2014-05-06 09:50:00',0,1,'C:Archivos de programaApache Software FoundationTomcat 7.0webappsSIPLQR/255'),(256,'DAQ',3,'NATIONAL INSTRUMENTS','1596ECE','noimage.jpg','2',0,'2014-05-06 09:51:00',0,1,'C:Archivos de programaApache Software FoundationTomcat 7.0webappsSIPLQR/256'),(257,'DAWQ',3,'NATIONAL INSTRUMENTS','153B204','noimage.jpg','3',0,'2014-05-06 09:52:00',0,1,'C:Archivos de programaApache Software FoundationTomcat 7.0webappsSIPLQR/257'),(258,'DAQ',3,'NATIONAL INSTRUMENTS','157c964','noimage.jpg','4',0,'2014-05-06 09:57:00',0,1,'C:Archivos de programaApache Software FoundationTomcat 7.0webappsSIPLQR/258'),(259,'DAQ',3,'NATIONAL INSTRUMENTS','ninguna','noimage.jpg','5',0,'2014-05-06 10:05:00',0,1,'C:Archivos de programaApache Software FoundationTomcat 7.0webappsSIPLQR/259'),(260,'DAQ',3,'NATIONAL INSTRUMENTS','155E943','noimage.jpg','6',0,'2014-05-06 10:06:00',0,1,'C:Archivos de programaApache Software FoundationTomcat 7.0webappsSIPLQR/'),(261,'DAQ',3,'NATIONAL INSTRUMENTS','1596F34','noimage.jpg','7',0,'2014-05-06 10:08:00',0,1,'C:Archivos de programaApache Software FoundationTomcat 7.0webappsSIPLQR/261'),(262,'MEDIDOR DE LCR 55',10,'METERMAN','070503585','noimage.jpg','N00004727',0,'2007-08-22 00:00:00',0,1,'C:Archivos de programaApache Software FoundationTomcat 7.0webappsSIPLQR/262'),(263,'COMPUTADOR OPTIPLEX 390 CORE I5 SALA 1',2,'DELL','9KF1VV1/26D2Y3S','noimage.jpg','N00016516',0,'2012-10-04 00:00:00',0,1,'C:Archivos de programaApache Software FoundationTomcat 7.0webappsSIPLQR/263'),(264,'COMPUTADOR OTIPLEX 390CORE I5 SALA 1',2,'DELL','9KJZTV1/26D04UL','noimage.jpg','N00016517',0,'2012-10-04 00:00:00',0,1,'C:Archivos de programaApache Software FoundationTomcat 7.0webappsSIPLQR/264'),(265,'COMPUTADOR OPTIPLEX 390 CORE I5 SALA 1',2,'DELL','9KB5VV1/26S1C6S','noimage.jpg','N000016518',0,'2012-10-04 00:00:00',0,1,'C:Archivos de programaApache Software FoundationTomcat 7.0webappsSIPLQR/265'),(266,'COMPUTADOR OPTIPLEX 390CORE I5 SALA 1',2,'DELL','9KZ3VV1/27R12LL','noimage.jpg','N00016519',0,'2012-10-04 12:00:00',0,1,'C:Archivos de programaApache Software FoundationTomcat 7.0webappsSIPLQR/'),(267,'COMPUTADOR OPTIPLEX 390CORE I5 SALA 1',2,'DELL','9L80VV1/26D07XL','noimage.jpg','N00016514',0,'2012-10-04 00:00:00',0,1,'C:Archivos de programaApache Software FoundationTomcat 7.0webappsSIPLQR/267'),(268,'COMPUTADOR OPTIPLEX 390CORE I5 SALA 1',2,'DELL','9L81VV1/26D1MBL','noimage.jpg','N00016515',0,'2012-10-04 00:00:00',0,1,'C:Archivos de programaApache Software FoundationTomcat 7.0webappsSIPLQR/268'),(269,'COMPUTADOR OPTIPLEX 390CORE I5 SALA 1',2,'DELL','9KW1VV1/26S1BMS','noimage.jpg','N00016453',0,'2012-10-04 00:00:00',0,1,'C:Archivos de programaApache Software FoundationTomcat 7.0webappsSIPLQR/269'),(270,'COMPUTADOR OPTIPLEX 390CORE I5 SALA 1',2,'DELL','9L00VV1/26D1M4L','noimage.jpg','N00016456',0,'2012-10-04 00:00:00',0,1,'C:Archivos de programaApache Software FoundationTomcat 7.0webappsSIPLQR/270'),(271,'COMPUTADOR OPTIPLEX 390CORE I5 SALA 1',2,'DELL','9KT0VV1/26D08FL','noimage.jpg','N00016458',0,'2012-10-04 00:00:00',0,1,'C:Archivos de programaApache Software FoundationTomcat 7.0webappsSIPLQR/271'),(272,'COMPUTADOR OPTIPLEX 390CORE I5 SALA 1',2,'DELL','9KKZTV1/26S1BES','noimage.jpg','N00016461',0,'2012-10-04 00:00:00',0,1,'C:Archivos de programaApache Software FoundationTomcat 7.0webappsSIPLQR/272'),(273,'COMPUTADOR OPTIPLEX 390CORE I5 SALA 2',2,'DELL','9L45VV1/418027R1NHL','noimage.jpg','N00016485',0,'2012-10-04 00:00:00',0,1,'C:Archivos de programaApache Software FoundationTomcat 7.0webappsSIPLQR/273'),(274,'COMPUTADOR OPTIPLEX 390CORE I5 SALA 2',2,'DELL','9J50VV1/418026D07YL','noimage.jpg','N00016492',0,'2012-10-04 12:00:00',0,1,'C:Archivos de programaApache Software FoundationTomcat 7.0webappsSIPLQR/'),(275,'COMPUTADOR OPTIPLEX 390CORE I5 SALA 2',2,'DELL','9LHZVV1/27RR1MP','noimage.jpg','N00016520',0,'2012-10-04 12:00:00',0,1,'C:Archivos de programaApache Software FoundationTomcat 7.0webappsSIPLQR/'),(276,'COMPUTADOR OPTIPLEX 390 CORE I5 SALA 2',2,'DELL','9L75VV1/2R1NPL','noimage.jpg','N00016521',0,'2012-10-06 00:00:00',0,1,'C:Archivos de programaApache Software FoundationTomcat 7.0webappsSIPLQR/276'),(277,'COMPUTADOR OPTIPLEX 390 CORE I5 SALA 2',2,'DELL','9LF1VV1/26D08AL','noimage.jpg','N00016522',0,'2014-05-06 12:01:00',0,1,'C:Archivos de programaApache Software FoundationTomcat 7.0webappsSIPLQR/277'),(278,'COMPUTADOR OPTIPLEX 390 CORE I5 SALA 2',2,'DELL','9KH3VV1/27R1P4L','noimage.jpg','N00016523',0,'2012-10-04 00:00:00',0,1,'C:Archivos de programaApache Software FoundationTomcat 7.0webappsSIPLQR/278'),(279,'COMPUTADOR OPTIPLEX 390 CORE I5 SALA 2',2,'DELL','9LB2VV1/27R0V9L','noimage.jpg','N00016524',0,'2012-10-04 00:00:00',0,1,'C:Archivos de programaApache Software FoundationTomcat 7.0webappsSIPLQR/279'),(280,'COMPUTADOR OPTIPLEX 390 CORE I5 SALA 2',2,'DELL','9L74VV1/271NRL','noimage.jpg','N00016525',0,'2012-10-04 00:00:00',0,1,'C:Archivos de programaApache Software FoundationTomcat 7.0webappsSIPLQR/280'),(281,'COMPUTADOR OPTIPLEX 390 CORE I5 SALA 2',2,'DELL','9KM1VV1/27R0ZVL','noimage.jpg','N00016526',0,'2012-10-04 00:00:00',0,1,'C:Archivos de programaApache Software FoundationTomcat 7.0webappsSIPLQR/281'),(282,'COMPUTADOR OPTIPLEX 390 CORE I5 SALA 1',2,'DELL','9LF0VV1/26D1M1L','noimage.jpg','N00016462',0,'2012-10-04 00:00:00',0,1,'C:Archivos de programaApache Software FoundationTomcat 7.0webappsSIPLQR/282'),(283,'COMPUTADOR OPTIPLEX 390 CORE I5 SALA 1',2,'DELL','9KB0VV1/26S1BLS','noimage.jpg','N00016463',0,'2012-10-04 00:00:00',0,1,'C:Archivos de programaApache Software FoundationTomcat 7.0webappsSIPLQR/283'),(284,'COMPUTADOR OPTIPLEX 390 CORE I5 OFICINA SALA 1',2,'DELL','9KZ1VV1/48026D05HL','noimage.jpg','N00016470',0,'2012-10-04 12:00:00',0,1,'C:Archivos de programaApache Software FoundationTomcat 7.0webappsSIPLQR/'),(285,'COMPUTADOR OPTIPLEX 390 CORE I5 OFICINA SALA 2',2,'DELL','ninguna','noimage.jpg','N00016482',0,'2012-10-04 00:00:00',0,1,'C:Archivos de programaApache Software FoundationTomcat 7.0webappsSIPLQR/285'),(286,'VIDEO BEAM + CONTROL SALA 1',2,'PANASONIC','ninguna','noimage.jpg','1',0,'2013-02-04 00:00:00',0,1,'C:Archivos de programaApache Software FoundationTomcat 7.0webappsSIPLQR/286'),(287,'VIDEO BEAM + CONTROL SALA 2',2,'PANASONIC','ninguna','noimage.jpg','2',0,'2013-02-04 00:00:00',0,1,'C:Archivos de programaApache Software FoundationTomcat 7.0webappsSIPLQR/287');
/*!40000 ALTER TABLE `material` ENABLE KEYS */;
UNLOCK TABLES;

--
-- Table structure for table `multa`
--

DROP TABLE IF EXISTS `multa`;
/*!40101 SET @saved_cs_client     = @@character_set_client */;
/*!40101 SET character_set_client = utf8 */;
CREATE TABLE `multa` (
  `codigo` int(10) NOT NULL AUTO_INCREMENT,
  `cod_usuario` varchar(20) NOT NULL,
  `fecha_multa` datetime NOT NULL,
  `estado_multa` int(11) NOT NULL DEFAULT '0' COMMENT '0 activo, 1 inactivo',
  `tiempo_multa` int(11) NOT NULL DEFAULT '3',
  PRIMARY KEY (`codigo`),
  KEY `FK_multa_usuario` (`cod_usuario`),
  CONSTRAINT `FK_multa_usuario` FOREIGN KEY (`cod_usuario`) REFERENCES `usuario` (`codigo`)
) ENGINE=InnoDB AUTO_INCREMENT=25 DEFAULT CHARSET=latin1;
/*!40101 SET character_set_client = @saved_cs_client */;

--
-- Dumping data for table `multa`
--

LOCK TABLES `multa` WRITE;
/*!40000 ALTER TABLE `multa` DISABLE KEYS */;
INSERT INTO `multa` VALUES (7,'U00062808','2014-04-08 12:12:05',1,3),(9,'U00057571','2014-04-28 11:02:01',1,3),(10,'U00060829','2014-04-28 11:43:19',1,3),(11,'U00071626','2014-04-28 14:08:27',1,3),(12,'U00071626','2014-04-29 11:12:43',1,3),(13,'U00071373','2014-04-29 14:33:24',1,3),(14,'U00078994','2014-04-29 16:23:05',1,3),(15,'U00061338','2014-04-29 16:35:13',1,3),(16,'U00072372','2014-05-02 08:44:10',1,3),(17,'U00061709','2014-05-02 09:37:15',1,3),(18,'U00057006','2014-05-05 15:42:34',1,3),(20,'U00071626','2014-05-06 16:07:11',1,3),(21,'U00073102','2014-05-07 11:59:19',1,3),(22,'U00061487','2014-06-01 20:18:22',0,3),(23,'U00058297','2014-06-01 20:27:14',0,4),(24,'U00061575','2014-05-01 20:38:47',1,1);
/*!40000 ALTER TABLE `multa` ENABLE KEYS */;
UNLOCK TABLES;

--
-- Table structure for table `prestamo`
--

DROP TABLE IF EXISTS `prestamo`;
/*!40101 SET @saved_cs_client     = @@character_set_client */;
/*!40101 SET character_set_client = utf8 */;
CREATE TABLE `prestamo` (
  `codigo` int(10) NOT NULL AUTO_INCREMENT,
  `cod_material` varchar(100) NOT NULL,
  `cod_usuario` varchar(20) NOT NULL,
  `fecha_prestamo` datetime NOT NULL,
  `fecha_devolucion` datetime NOT NULL,
  `estado` int(2) NOT NULL DEFAULT '0' COMMENT '0 activo, 1 inactivo',
  PRIMARY KEY (`codigo`),
  KEY `FK_prestamo_material` (`cod_material`),
  KEY `FK_prestamo_usuario` (`cod_usuario`),
  CONSTRAINT `FK_prestamo_usuario` FOREIGN KEY (`cod_usuario`) REFERENCES `usuario` (`codigo`)
) ENGINE=InnoDB AUTO_INCREMENT=70 DEFAULT CHARSET=latin1;
/*!40101 SET character_set_client = @saved_cs_client */;

--
-- Dumping data for table `prestamo`
--

LOCK TABLES `prestamo` WRITE;
/*!40000 ALTER TABLE `prestamo` DISABLE KEYS */;
INSERT INTO `prestamo` VALUES (14,'87;','U00062808','2014-04-04 14:29:21','2014-04-08 12:12:05',1),(19,'15;','U00072372','2014-04-04 16:07:59','2014-04-08 16:07:59',1),(21,'87;','U00071626','2014-04-21 11:52:14','2014-04-21 11:55:29',1),(22,'37;','U00071626','2014-04-21 11:57:09','2014-04-21 12:00:33',1),(23,'37;','U00071626','2014-04-21 12:00:59','2014-04-28 14:08:27',1),(24,'86;','U00061338','2014-04-21 12:05:43','2014-04-29 16:35:13',1),(25,'38;39;','U00061487','2014-04-21 12:08:47','2014-06-01 20:18:22',1),(26,'40;','U00057006','2014-04-21 14:27:08','2014-05-05 15:42:34',1),(27,'131;','U00016473','2014-04-21 14:55:54','2014-04-21 16:42:18',1),(28,'128;','U00058297','2014-04-21 15:06:14','2014-06-01 20:27:14',1),(29,'41;42;','U00061709','2014-04-21 16:10:40','2014-05-02 09:37:15',1),(30,'172;','U00072423','2014-04-21 16:11:15','2014-04-22 10:55:43',1),(31,'43;','U00057571','2014-04-21 16:15:42','2014-04-28 11:02:01',1),(32,'80;','U00071373','2014-04-22 12:13:58','2014-04-29 14:33:24',1),(33,'130;','U00060829','2014-04-23 10:42:10','2014-04-28 11:43:19',1),(34,'126;','U00078994','2014-04-23 12:07:47','2014-04-23 15:56:55',1),(35,'122;','U00078994','2014-04-24 15:05:51','2014-04-29 16:23:05',1),(36,'121;126;','U00072107','2014-04-24 15:22:08','2014-04-24 15:29:47',1),(37,'121;118;','U00072107','2014-04-24 17:39:15','2014-04-25 17:39:15',0),(38,'124;','U00071626','2014-04-25 11:41:21','2014-04-29 11:12:43',1),(39,'126;','U00072372','2014-04-28 16:54:37','2014-05-02 08:44:10',1),(40,'117;120;19;37;208;209;','U00071626','2014-04-28 17:06:15','2014-05-02 09:45:02',1),(41,'43;','U00062871','2014-04-29 11:46:26','2014-05-02 11:46:26',0),(43,'85;','U00071262','2014-04-30 17:49:55','2014-05-05 17:49:55',0),(44,'122;','U00062050','2014-05-02 08:43:13','2014-05-02 14:51:32',1),(45,'120;208;209;','U00071626','2014-05-02 09:49:54','2014-05-06 16:07:11',1),(46,'130;126;80;','U00073102','2014-05-02 11:36:48','2014-05-07 11:59:19',1),(48,'120;208;209;','U00071626','2014-05-06 16:10:57','2014-05-09 16:10:57',0),(49,'87;123;80;126;','U00071373','2014-05-07 12:06:33','2014-05-09 12:06:33',0),(50,'214;213;','U00061575','2014-05-07 15:09:06','2014-06-01 20:38:47',1),(52,'1;13;','U00057006','2014-05-24 21:34:31','2014-05-24 21:51:41',1),(53,'11;78;241;22;','2','2014-05-25 00:36:28','2014-05-25 19:14:46',1),(54,'1;25;42;51;110;12;','2','2014-05-25 19:44:10','2014-05-25 19:46:11',1),(55,'1;25;42;51','2','2014-05-25 19:48:33','2014-05-25 19:49:00',1),(56,'1','2','2014-05-25 19:53:39','2014-05-25 19:56:31',1),(57,'1','2','2014-05-25 19:56:40','2014-05-25 19:57:16',1),(58,'1','2','2014-05-25 19:57:43','2014-05-25 19:57:55',1),(59,'82;1;42','2','2014-05-27 07:52:58','2014-05-27 07:53:10',1),(60,'82;1;25;42;','2','2014-05-27 07:57:25','2014-05-27 07:57:45',1),(61,'82;1;25;','2','2014-05-27 08:50:48','2014-05-27 08:58:55',1),(62,'1;42','2','2014-05-27 09:00:56','2014-05-27 09:01:19',1),(63,'25;82;42','2','2014-05-27 09:06:42','2014-05-27 09:07:52',1),(64,'42;82','2','2014-05-27 09:09:15','2014-05-30 09:09:15',0),(65,'111;','1','2014-06-01 20:16:25','2014-06-09 20:16:25',0),(66,'12;11;52;','123','2014-06-01 20:28:25','2014-06-01 20:31:57',1),(67,'12;56;71;','123','2014-06-01 20:32:13','2014-06-01 20:33:53',1),(68,'11;','123','2014-06-01 20:37:27','2014-06-01 22:04:18',1),(69,'12;','123','2014-06-01 22:05:57','2014-06-05 22:05:57',0);
/*!40000 ALTER TABLE `prestamo` ENABLE KEYS */;
UNLOCK TABLES;

--
-- Table structure for table `reserva`
--

DROP TABLE IF EXISTS `reserva`;
/*!40101 SET @saved_cs_client     = @@character_set_client */;
/*!40101 SET character_set_client = utf8 */;
CREATE TABLE `reserva` (
  `codigo` int(10) NOT NULL AUTO_INCREMENT,
  `cod_usuario` varchar(20) NOT NULL,
  `estado` int(1) NOT NULL DEFAULT '0' COMMENT '0 activo, 1 inactivo',
  `fecha_reserva` datetime NOT NULL,
  `cod_material` varchar(50) NOT NULL,
  PRIMARY KEY (`codigo`),
  KEY `FK_reserva_usuario` (`cod_usuario`),
  CONSTRAINT `FK_reserva_usuario` FOREIGN KEY (`cod_usuario`) REFERENCES `usuario` (`codigo`)
) ENGINE=InnoDB AUTO_INCREMENT=2 DEFAULT CHARSET=latin1;
/*!40101 SET character_set_client = @saved_cs_client */;

--
-- Dumping data for table `reserva`
--

LOCK TABLES `reserva` WRITE;
/*!40000 ALTER TABLE `reserva` DISABLE KEYS */;
INSERT INTO `reserva` VALUES (1,'2',1,'2014-05-27 09:03:59','25;82;42');
/*!40000 ALTER TABLE `reserva` ENABLE KEYS */;
UNLOCK TABLES;

--
-- Table structure for table `tipo_material`
--

DROP TABLE IF EXISTS `tipo_material`;
/*!40101 SET @saved_cs_client     = @@character_set_client */;
/*!40101 SET character_set_client = utf8 */;
CREATE TABLE `tipo_material` (
  `id` int(10) NOT NULL AUTO_INCREMENT,
  `nombre` varchar(50) NOT NULL,
  `descripcion` varchar(250) DEFAULT NULL,
  `cantidad` int(5) NOT NULL,
  `disponibilidad` int(5) NOT NULL DEFAULT '0' COMMENT '0 disponible, 1 no disponible',
  PRIMARY KEY (`id`)
) ENGINE=InnoDB AUTO_INCREMENT=14 DEFAULT CHARSET=latin1;
/*!40101 SET character_set_client = @saved_cs_client */;

--
-- Dumping data for table `tipo_material`
--

LOCK TABLES `tipo_material` WRITE;
/*!40000 ALTER TABLE `tipo_material` DISABLE KEYS */;
INSERT INTO `tipo_material` VALUES (1,'PROTOBOARD','Es un tablero con orificios conectados eléctricamente entre sí, habitualmente siguiendo patrones de líneas, en el cual se pueden insertar componentes electrónicos y cables para el armado y prototipado de circuitos electrónicos ',15,15),(2,'EQUIPOS DE COMPUTO','ninguno',29,29),(3,'TARJETAS DE DESARROLLO','ninguno',31,28),(4,'EQUIPOS DE CONTROL','ninguno',10,12),(5,'CABLE Y CONECTOR','ninguno',20,21),(6,'MOTOR','ninguno',7,6),(7,'SENSORES Y ACTUADORES','ninguno',10,10),(8,'ELECTRICO','ninguno',14,15),(9,'HERRAMIENTA SOLDAR','ninguno',10,9),(10,'EQUIPO DE MEDICION Y GENERACION DE SEÑALES','ninguno',139,133),(11,'ACCESORIOS','ninguno',0,0),(12,'HERRAMIENTA MANUAL','ninguno',0,0),(13,'BATERIAS','ninguno',2,2);
/*!40000 ALTER TABLE `tipo_material` ENABLE KEYS */;
UNLOCK TABLES;

--
-- Table structure for table `usuario`
--

DROP TABLE IF EXISTS `usuario`;
/*!40101 SET @saved_cs_client     = @@character_set_client */;
/*!40101 SET character_set_client = utf8 */;
CREATE TABLE `usuario` (
  `codigo` varchar(20) NOT NULL,
  `nombre` varchar(30) NOT NULL,
  `apellido` varchar(30) NOT NULL,
  `telefono` bigint(15) DEFAULT NULL,
  `correo` varchar(50) DEFAULT NULL,
  `estado` int(1) NOT NULL DEFAULT '0' COMMENT '0 activo, 1 inactivo, 2 con prestamo, 3 con  reserva, 4 con multa',
  `tipo_usuario` int(1) NOT NULL DEFAULT '0' COMMENT '0 estudiante, 1 admin local, 2 admin global',
  `observaciones` varchar(200) DEFAULT NULL,
  `clave` varchar(100) NOT NULL,
  PRIMARY KEY (`codigo`)
) ENGINE=InnoDB DEFAULT CHARSET=latin1;
/*!40101 SET character_set_client = @saved_cs_client */;

--
-- Dumping data for table `usuario`
--

LOCK TABLES `usuario` WRITE;
/*!40000 ALTER TABLE `usuario` DISABLE KEYS */;
INSERT INTO `usuario` VALUES ('1','Administrador','Global',0,'admin@unab.edu.co',2,2,'','c4ca4238a0b923820dcc509a6f75849b'),('1098652414','Rocio','Pabon',0,'jpabon281@unab.edu.co',0,2,'','7b1ce3d73b70f1a7246e7b76a35fb552'),('123','123','123',123,'123',2,2,'123','202cb962ac59075b964b07152d234b70'),('2','Estudiante','Prueba',0,'estudainte@unab.edu.co',2,0,'','c81e728d9d4c2f636f067f89cc14862c'),('U00016473','MANUEL ALONSO','ENCISO CALA',0,'menciso@unab.edu.co',0,2,'','788f16884459ee90ba76a424be8fe7fd'),('U00021306','EDUARDO AMADOR','CORONADO CARDONA',0,'ecoronado@unab.edu.co',0,0,'','36356943e906691708569486bba8f351'),('U00038997','JHON ALEXANDER ','GUALDRON',0,'jgualdron4@unab.edu.co',0,0,'','6075cc5a7d32fec498ffd5729494dc69'),('U00051158','ANDRES FELIPE','MAYORGA GAHONA',3168784100,'amoyorga2@unab.edu.co',0,0,'','35d57a27512e60f2a62aba83e2ed607b'),('U00057006','RUBEN DARIO','MORALES BAUTISTA',3157272636,'rmorales4@unab.edu.co',0,0,'','efadc04bd1417ef1ab2a46537bfb2579'),('U00057571','JORGE ELIECER','RANGEL VERA',0,'jrangel22@unab.edu.co',0,0,'','47f336713f3c33b71750bdb4bce39110'),('U00058297','JONATAN FERNANDO','CASTELLANOS HERNANDEZ',0,'jcastellanos10@unab.edu.co',4,0,'','0edb510144b1bbefa8f3dd4ba2fe5c44'),('U00058584','ANDERSON JAIR','BAUTISTA DELGADO',3213717659,'abautista7@unab.edu.co',0,0,'','068691e81fe1938e00de3e46a841d051'),('U00060829','DALYA JULIETH','GALVIS PARADA',3168025281,'dgalvis34@unab.edu.co',0,0,'','bd6487b88a03cfb6c2b23ae3cc842327'),('U00061149','FRANCISCO JAVIER','ANGARITA DIAZ',0,'fangarita2@unab.edu.co',0,0,'','f4b49b6b03884a82993ab6918c5f8f63'),('U00061338','ANDRES YESID','MARTINEZ ARDILA',3166357658,'amartinez2@unab.edu.co',0,0,'','f6cfa4d28e5ca0a5bfb4afda731ccccc'),('U00061487','AIDER','PLATA QUINTERO',3114385106,'aplata75@unab.edu.co',4,0,'','f77365f19d0ee30b6e4bd628faf11681'),('U00061575','JULIAN DAVID','MANTILLA BLANCO',3004254524,'jmantilla26@unab.edu.co',0,0,'','7c786952840f1e69869da4e40b831d18'),('U00061709','JAVIER MARIO','QUINTERO',3144861536,'jquintero20@unab.edu.co',0,0,'','e30a8fb75a81bdb53c1b68bef5dceb26'),('U00061926','DAVID RICARDO','SUAREZ ALZA',0,'dsuarez9@unab.edu.co',0,0,'','a9741684c21bd3f143fdac3267e9a077'),('U00062050','JESUS ERNESTO','MONSALVE CARABALLO',3013569884,'jmonsalve11@unab.edu.co',0,0,'','04a6f11189028b6f1d8244cb8a0803d0'),('U00062808','JOSE IGNACIO','TRAPERO VILLARREAL',0,'jtrapero@unab.edu.co',0,0,'','c06c4acbd66e816e863a70c09cdce138'),('U00062871','JESSICA PAOLA','AZA MANTILLA',3002334854,'jaza@unab.edu.co',2,0,'','170c35e5562a88c744642f76f63bd866'),('U00062890','PAOLA MARCELA','CACERES',0,'pcaceres13@unab.edu.co',0,0,'','53fe95ea27065dd04535f3c88611041d'),('U00067421','JULIANA DE LOS ANGELES','CASTELLANOS CASTILLA',0,'jcastellanos88@unab.edu.co',0,0,'','a6d78565f60b01727bf2cb0adfde55d5'),('U00069009','OLMER GIOVANNY','VILLAMIZAR GALVIS',0,'ovillamizar10@unab.edu.co',0,0,'','a67bf731250430b9a8bc582d1ace5d93'),('U00069634','DANIEL FELIPE','LEON CARDONA',3123621158,'dleon41@unab.edu.co',0,0,'','32232fa61e6ec4831155ea030d5493b6'),('U00071262','LUISA FERNANDA','PINTO VASQUEZ',3213442814,'lpinto12@unab.edu.co',2,0,'','41337c91ae3186a9eb9a676fbedf1385'),('U00071341','RAUL ROQUE','DI MARCO D SILVA',3186954664,'rdi@unab.edu.co',0,0,'','33fe684815d1d9d32b70d4c756a5841c'),('U00071373','JEFERSSON SNEIDER','PULIDO CONDIA',0,'jpulido23@unab.edu.co',2,0,'','63dcfd61a61b90cce1cc4d4479774ecd'),('U00071626','JHON CESAR OSWALDO','RODRIGUEZ REINEMER',3106329992,'jrodriguez86@unab.edu.co',2,0,'','10490a2b6a81fe450a2153c04b223fa5'),('U00072107','ORLANDO FABIO','CORREA VECINO',3102520858,'ocorrea55@unab.edu.co',2,0,'','9568ea1f4b1057f317d4d76c45e94725'),('U00072372','VERONICA ANDREA','GALEANO BLANCO',3213813060,'vgaleano@unab.edu.co',0,0,'','4e4b572b61aef94b587f8b42ed789577'),('U00072423','JULIAN ANDRES','SERRANO PABON',3188013212,'jserrano155@unab.edu.co',0,0,'','c85aedb7c7dca3f8dab0d1accd443cb3'),('U00072596','ALVARO JULIAN','GONZALEZ CARDENAS',0,'agonzalez79@unab.edu.co',0,0,'','b6c93cdaea76b15efce9898ec9c3941f'),('U00073093','JUAN SEBASTIAN','RIVERA CABEZAS',0,'jrivera36@unab.edu.co',0,0,'','88154a762d3064197a782b377fe1f6b7'),('U00073102','CRISTIAN LEONARDO','HERRERA ACOSTA',0,'cherrera57@unab.edu.co',0,0,'','9fe1cf5bfa7c1d97f378e7789be18585'),('U00075541','SAID YAMIL','GANDUR ADARME',3164329419,'sgandur@unab.edu.co',0,0,'','909e42511e582214b45381cad8c356f7'),('U00078994','JUAN SEBASTIAN','CASTANEDA DIAZ',0,'jcastaneda710@unab.edu.co',0,0,'','d7a56a309e9ffdf6d54560c630371d30'),('U00079226','GILMAR HERNANDO','TUTA NAVAJAS',3212542924,'gtuta@unab.edu.co',0,0,'','c981b35e1e1899faaf452ae59ab46249'),('U00079789','MARTHA PATRICIA','FORERO CARRILLO',0,'mforero261@unab.edu.co',0,0,'','6fe520c5c908183f4441847d42e1ddf2'),('U00080493','LEMNEC ','TILLER AVELLANEDA',0,'ltiller@unab.edu.co',0,0,'','97cd069575fb3a33fc92ed756de0046d'),('U00084229','JAIRO IVAN','SERRANO GOMEZ',0,'jserrano51@unab.edu.co',0,0,'','73989d9fa1582abdc4ebc23bb85c76e8'),('U00086281','CRISTIAN FABIAN','JAIMES SAAVEDRA',0,'cjaimes64@unab.edu.co',0,0,'','e5305399d16a7f3d58b2e830f17ff691');
/*!40000 ALTER TABLE `usuario` ENABLE KEYS */;
UNLOCK TABLES;

--
-- Table structure for table `variable_sistema`
--

DROP TABLE IF EXISTS `variable_sistema`;
/*!40101 SET @saved_cs_client     = @@character_set_client */;
/*!40101 SET character_set_client = utf8 */;
CREATE TABLE `variable_sistema` (
  `id` int(10) NOT NULL AUTO_INCREMENT,
  `datos` varchar(300) NOT NULL,
  `descripcion` varchar(300) NOT NULL,
  PRIMARY KEY (`id`)
) ENGINE=InnoDB AUTO_INCREMENT=9 DEFAULT CHARSET=latin1;
/*!40101 SET character_set_client = @saved_cs_client */;

--
-- Dumping data for table `variable_sistema`
--

LOCK TABLES `variable_sistema` WRITE;
/*!40000 ALTER TABLE `variable_sistema` DISABLE KEYS */;
INSERT INTO `variable_sistema` VALUES (1,'C:\\sipl\\SIPL\\web\\','Ubicación del sistema'),(2,'C:\\Program Files (x86)\\MySQL\\MySQL Server 5.5\\bin\\','Ubicación de Mysql en el disco duro'),(3,'root','usuario Mysql'),(4,'12345','clave Mysql'),(5,'7a044344f9c400b1d4b00b898be5196f','ApiKey para comunicacion con el WebService'),(6,'3','Días de la multa'),(7,'15','Cantidad máxima de materiales en préstamo'),(8,'5','Cantidad máxima de días en el préstamo');
/*!40000 ALTER TABLE `variable_sistema` ENABLE KEYS */;
UNLOCK TABLES;
/*!40103 SET TIME_ZONE=@OLD_TIME_ZONE */;

/*!40101 SET SQL_MODE=@OLD_SQL_MODE */;
/*!40014 SET FOREIGN_KEY_CHECKS=@OLD_FOREIGN_KEY_CHECKS */;
/*!40014 SET UNIQUE_CHECKS=@OLD_UNIQUE_CHECKS */;
/*!40101 SET CHARACTER_SET_CLIENT=@OLD_CHARACTER_SET_CLIENT */;
/*!40101 SET CHARACTER_SET_RESULTS=@OLD_CHARACTER_SET_RESULTS */;
/*!40101 SET COLLATION_CONNECTION=@OLD_COLLATION_CONNECTION */;
/*!40111 SET SQL_NOTES=@OLD_SQL_NOTES */;

-- Dump completed on 2014-06-02 15:06:01
